N,threads,trial,seconds,std_seconds,validate
500,1,1,0.039720,,OK
500,1,2,0.038952,,OK
500,1,3,0.038804,,OK
500,1,4,0.038693,,OK
500,1,5,0.038731,,OK
500,1,6,0.038600,,OK
500,1,7,0.039316,,OK
500,1,8,0.039903,,OK
500,1,9,0.039476,,OK
500,1,10,0.038533,,OK
500,1,Average,0.039073,0.000468,OK
500,2,1,0.021622,,OK
500,2,2,0.020801,,OK
500,2,3,0.020237,,OK
500,2,4,0.020747,,OK
500,2,5,0.019961,,OK
500,2,6,0.019725,,OK
500,2,7,0.020021,,OK
500,2,8,0.021448,,OK
500,2,9,0.021076,,OK
500,2,10,0.020007,,OK
500,2,Average,0.020565,0.000635,OK
500,3,1,0.014242,,OK
500,3,2,0.013156,,OK
500,3,3,0.013272,,OK
500,3,4,0.013944,,OK
500,3,5,0.013164,,OK
500,3,6,0.012967,,OK
500,3,7,0.013363,,OK
500,3,8,0.014645,,OK
500,3,9,0.014182,,OK
500,3,10,0.013257,,OK
500,3,Average,0.013619,0.000550,OK
500,4,1,0.010851,,OK
500,4,2,0.009833,,OK
500,4,3,0.010147,,OK
500,4,4,0.010779,,OK
500,4,5,0.009909,,OK
500,4,6,0.009746,,OK
500,4,7,0.010147,,OK
500,4,8,0.011341,,OK
500,4,9,0.010947,,OK
500,4,10,0.010056,,OK
500,4,Average,0.010375,0.000526,OK
500,5,1,0.008947,,OK
500,5,2,0.007874,,OK
500,5,3,0.008190,,OK
500,5,4,0.008751,,OK
500,5,5,0.007951,,OK
500,5,6,0.007824,,OK
500,5,7,0.008177,,OK
500,5,8,0.009438,,OK
500,5,9,0.009204,,OK
500,5,10,0.008872,,OK
500,5,Average,0.008523,0.000559,OK
500,6,1,0.007701,,OK
500,6,2,0.006597,,OK
500,6,3,0.006927,,OK
500,6,4,0.007501,,OK
500,6,5,0.006678,,OK
500,6,6,0.006535,,OK
500,6,7,0.006925,,OK
500,6,8,0.008135,,OK
500,6,9,0.007740,,OK
500,6,10,0.006853,,OK
500,6,Average,0.007159,0.000533,OK
500,7,1,0.006788,,OK
500,7,2,0.005673,,OK
500,7,3,0.006010,,OK
500,7,4,0.006612,,OK
500,7,5,0.005762,,OK
500,7,6,0.005617,,OK
500,7,7,0.005992,,OK
500,7,8,0.007181,,OK
500,7,9,0.006777,,OK
500,7,10,0.005950,,OK
500,7,Average,0.006236,0.000524,OK
500,8,1,0.006029,,OK
500,8,2,0.004970,,OK
500,8,3,0.005346,,OK
500,8,4,0.005931,,OK
500,8,5,0.005133,,OK
500,8,6,0.004972,,OK
500,8,7,0.005398,,OK
500,8,8,0.006644,,OK
500,8,9,0.006193,,OK
500,8,10,0.005381,,OK
500,8,Average,0.005600,0.000538,OK
500,9,1,0.005612,,OK
500,9,2,0.004539,,OK
500,9,3,0.004877,,OK
500,9,4,0.005401,,OK
500,9,5,0.004617,,OK
500,9,6,0.004478,,OK
500,9,7,0.004847,,OK
500,9,8,0.006134,,OK
500,9,9,0.005630,,OK
500,9,10,0.004842,,OK
500,9,Average,0.005098,0.000531,OK
500,10,1,0.005168,,OK
500,10,2,0.004105,,OK
500,10,3,0.004455,,OK
500,10,4,0.004998,,OK
500,10,5,0.004196,,OK
500,10,6,0.004078,,OK
500,10,7,0.004443,,OK
500,10,8,0.005665,,OK
500,10,9,0.005208,,OK
500,10,10,0.004429,,OK
500,10,Average,0.004674,0.000518,OK
1000,1,1,0.243818,,OK
1000,1,2,0.243875,,OK
1000,1,3,0.244220,,OK
1000,1,4,0.249221,,OK
1000,1,5,0.245443,,OK
1000,1,6,0.248587,,OK
1000,1,7,0.250774,,OK
1000,1,8,0.248581,,OK
1000,1,9,0.247273,,OK
1000,1,10,0.251412,,OK
1000,1,Average,0.247321,0.002697,OK
1000,2,1,0.125769,,OK
1000,2,2,0.126233,,OK
1000,2,3,0.126019,,OK
1000,2,4,0.126510,,OK
1000,2,5,0.126196,,OK
1000,2,6,0.124852,,OK
1000,2,7,0.126048,,OK
1000,2,8,0.125971,,OK
1000,2,9,0.125403,,OK
1000,2,10,0.125421,,OK
1000,2,Average,0.125842,0.000466,OK
1000,3,1,0.085796,,OK
1000,3,2,0.085642,,OK
1000,3,3,0.084999,,OK
1000,3,4,0.085286,,OK
1000,3,5,0.085002,,OK
1000,3,6,0.083910,,OK
1000,3,7,0.084955,,OK
1000,3,8,0.085024,,OK
1000,3,9,0.084299,,OK
1000,3,10,0.084212,,OK
1000,3,Average,0.084913,0.000579,OK
1000,4,1,0.065552,,OK
1000,4,2,0.065361,,OK
1000,4,3,0.064762,,OK
1000,4,4,0.064918,,OK
1000,4,5,0.064876,,OK
1000,4,6,0.063665,,OK
1000,4,7,0.064654,,OK
1000,4,8,0.064528,,OK
1000,4,9,0.063803,,OK
1000,4,10,0.063742,,OK
1000,4,Average,0.064586,0.000628,OK
1000,5,1,0.053347,,OK
1000,5,2,0.053173,,OK
1000,5,3,0.052535,,OK
1000,5,4,0.052741,,OK
1000,5,5,0.052520,,OK
1000,5,6,0.051412,,OK
1000,5,7,0.052613,,OK
1000,5,8,0.052603,,OK
1000,5,9,0.051665,,OK
1000,5,10,0.051694,,OK
1000,5,Average,0.052430,0.000611,OK
1000,6,1,0.045348,,OK
1000,6,2,0.045230,,OK
1000,6,3,0.044600,,OK
1000,6,4,0.044656,,OK
1000,6,5,0.044454,,OK
1000,6,6,0.043420,,OK
1000,6,7,0.044676,,OK
1000,6,8,0.044456,,OK
1000,6,9,0.043558,,OK
1000,6,10,0.043586,,OK
1000,6,Average,0.044398,0.000641,OK
1000,7,1,0.039566,,OK
1000,7,2,0.039408,,OK
1000,7,3,0.038724,,OK
1000,7,4,0.038992,,OK
1000,7,5,0.038847,,OK
1000,7,6,0.037546,,OK
1000,7,7,0.038760,,OK
1000,7,8,0.038620,,OK
1000,7,9,0.037778,,OK
1000,7,10,0.037760,,OK
1000,7,Average,0.038600,0.000658,OK
1000,8,1,0.035210,,OK
1000,8,2,0.035134,,OK
1000,8,3,0.034410,,OK
1000,8,4,0.034475,,OK
1000,8,5,0.034501,,OK
1000,8,6,0.033285,,OK
1000,8,7,0.034462,,OK
1000,8,8,0.034431,,OK
1000,8,9,0.033245,,OK
1000,8,10,0.033358,,OK
1000,8,Average,0.034251,0.000682,OK
1000,9,1,0.031857,,OK
1000,9,2,0.031667,,OK
1000,9,3,0.031059,,OK
1000,9,4,0.031127,,OK
1000,9,5,0.031021,,OK
1000,9,6,0.029772,,OK
1000,9,7,0.030918,,OK
1000,9,8,0.030936,,OK
1000,9,9,0.029864,,OK
1000,9,10,0.029928,,OK
1000,9,Average,0.030815,0.000694,OK
1000,10,1,0.029188,,OK
1000,10,2,0.028973,,OK
1000,10,3,0.027955,,OK
1000,10,4,0.027831,,OK
1000,10,5,0.027841,,OK
1000,10,6,0.026584,,OK
1000,10,7,0.027852,,OK
1000,10,8,0.027766,,OK
1000,10,9,0.026562,,OK
1000,10,10,0.026600,,OK
1000,10,Average,0.027715,0.000878,OK
1500,1,1,0.747918,,OK
1500,1,2,0.753897,,OK
1500,1,3,0.755101,,OK
1500,1,4,0.758419,,OK
1500,1,5,0.744711,,OK
1500,1,6,0.750475,,OK
1500,1,7,0.749928,,OK
1500,1,8,0.754636,,OK
1500,1,9,0.759577,,OK
1500,1,10,0.751730,,OK
1500,1,Average,0.752639,0.004372,OK
1500,2,1,0.380021,,OK
1500,2,2,0.378684,,OK
1500,2,3,0.372930,,OK
1500,2,4,0.373166,,OK
1500,2,5,0.371115,,OK
1500,2,6,0.373499,,OK
1500,2,7,0.373027,,OK
1500,2,8,0.375828,,OK
1500,2,9,0.373980,,OK
1500,2,10,0.371633,,OK
1500,2,Average,0.374388,0.002775,OK
1500,3,1,0.248859,,OK
1500,3,2,0.249397,,OK
1500,3,3,0.249488,,OK
1500,3,4,0.249446,,OK
1500,3,5,0.248169,,OK
1500,3,6,0.250030,,OK
1500,3,7,0.249666,,OK
1500,3,8,0.249748,,OK
1500,3,9,0.250047,,OK
1500,3,10,0.251890,,OK
1500,3,Average,0.249674,0.000910,OK
1500,4,1,0.187719,,OK
1500,4,2,0.188448,,OK
1500,4,3,0.188417,,OK
1500,4,4,0.188192,,OK
1500,4,5,0.187135,,OK
1500,4,6,0.188604,,OK
1500,4,7,0.188349,,OK
1500,4,8,0.188495,,OK
1500,4,9,0.189016,,OK
1500,4,10,0.187819,,OK
1500,4,Average,0.188220,0.000505,OK
1500,5,1,0.150709,,OK
1500,5,2,0.151666,,OK
1500,5,3,0.151851,,OK
1500,5,4,0.151215,,OK
1500,5,5,0.150173,,OK
1500,5,6,0.151280,,OK
1500,5,7,0.151309,,OK
1500,5,8,0.151527,,OK
1500,5,9,0.151630,,OK
1500,5,10,0.150624,,OK
1500,5,Average,0.151198,0.000508,OK
1500,6,1,0.126061,,OK
1500,6,2,0.126204,,OK
1500,6,3,0.126660,,OK
1500,6,4,0.126313,,OK
1500,6,5,0.125628,,OK
1500,6,6,0.126297,,OK
1500,6,7,0.126590,,OK
1500,6,8,0.127443,,OK
1500,6,9,0.127905,,OK
1500,6,10,0.126270,,OK
1500,6,Average,0.126537,0.000637,OK
1500,7,1,0.109251,,OK
1500,7,2,0.109290,,OK
1500,7,3,0.109726,,OK
1500,7,4,0.108749,,OK
1500,7,5,0.108145,,OK
1500,7,6,0.108589,,OK
1500,7,7,0.108487,,OK
1500,7,8,0.108524,,OK
1500,7,9,0.108806,,OK
1500,7,10,0.110898,,OK
1500,7,Average,0.109046,0.000758,OK
1500,8,1,0.095136,,OK
1500,8,2,0.095467,,OK
1500,8,3,0.095150,,OK
1500,8,4,0.094965,,OK
1500,8,5,0.094640,,OK
1500,8,6,0.094955,,OK
1500,8,7,0.094935,,OK
1500,8,8,0.094896,,OK
1500,8,9,0.096458,,OK
1500,8,10,0.095116,,OK
1500,8,Average,0.095172,0.000475,OK
1500,9,1,0.084816,,OK
1500,9,2,0.084935,,OK
1500,9,3,0.084891,,OK
1500,9,4,0.084848,,OK
1500,9,5,0.084411,,OK
1500,9,6,0.084659,,OK
1500,9,7,0.084645,,OK
1500,9,8,0.084559,,OK
1500,9,9,0.085039,,OK
1500,9,10,0.084839,,OK
1500,9,Average,0.084764,0.000181,OK
1500,10,1,0.076724,,OK
1500,10,2,0.076799,,OK
1500,10,3,0.076861,,OK
1500,10,4,0.076647,,OK
1500,10,5,0.076471,,OK
1500,10,6,0.076682,,OK
1500,10,7,0.076543,,OK
1500,10,8,0.079511,,OK
1500,10,9,0.077162,,OK
1500,10,10,0.076636,,OK
1500,10,Average,0.077004,0.000855,OK
2000,1,1,1.682289,,OK
2000,1,2,1.698742,,OK
2000,1,3,1.704370,,OK
2000,1,4,1.693290,,OK
2000,1,5,1.703989,,OK
2000,1,6,1.687330,,OK
2000,1,7,1.687481,,OK
2000,1,8,1.701903,,OK
2000,1,9,1.729015,,OK
2000,1,10,1.696579,,OK
2000,1,Average,1.698499,0.012439,OK
2000,2,1,0.850521,,OK
2000,2,2,0.850172,,OK
2000,2,3,0.839768,,OK
2000,2,4,0.847023,,OK
2000,2,5,0.837949,,OK
2000,2,6,0.842236,,OK
2000,2,7,0.895781,,OK
2000,2,8,0.862303,,OK
2000,2,9,0.866502,,OK
2000,2,10,0.855227,,OK
2000,2,Average,0.854748,0.016251,OK
2000,3,1,0.581536,,OK
2000,3,2,0.569554,,OK
2000,3,3,0.567293,,OK
2000,3,4,0.576548,,OK
2000,3,5,0.565481,,OK
2000,3,6,0.569563,,OK
2000,3,7,0.576802,,OK
2000,3,8,0.565997,,OK
2000,3,9,0.567477,,OK
2000,3,10,0.567078,,OK
2000,3,Average,0.570733,0.005253,OK
2000,4,1,0.436788,,OK
2000,4,2,0.425587,,OK
2000,4,3,0.427458,,OK
2000,4,4,0.436537,,OK
2000,4,5,0.429789,,OK
2000,4,6,0.429386,,OK
2000,4,7,0.435748,,OK
2000,4,8,0.426343,,OK
2000,4,9,0.429195,,OK
2000,4,10,0.429482,,OK
2000,4,Average,0.430631,0.003982,OK
2000,5,1,0.352698,,OK
2000,5,2,0.342099,,OK
2000,5,3,0.342679,,OK
2000,5,4,0.350402,,OK
2000,5,5,0.341694,,OK
2000,5,6,0.344239,,OK
2000,5,7,0.349524,,OK
2000,5,8,0.341396,,OK
2000,5,9,0.342550,,OK
2000,5,10,0.345154,,OK
2000,5,Average,0.345244,0.003907,OK
2000,6,1,0.294897,,OK
2000,6,2,0.285512,,OK
2000,6,3,0.285873,,OK
2000,6,4,0.293454,,OK
2000,6,5,0.284957,,OK
2000,6,6,0.288560,,OK
2000,6,7,0.292420,,OK
2000,6,8,0.285606,,OK
2000,6,9,0.287569,,OK
2000,6,10,0.290123,,OK
2000,6,Average,0.288897,0.003457,OK
2000,7,1,0.255785,,OK
2000,7,2,0.248480,,OK
2000,7,3,0.245973,,OK
2000,7,4,0.253480,,OK
2000,7,5,0.245203,,OK
2000,7,6,0.247786,,OK
2000,7,7,0.252500,,OK
2000,7,8,0.245604,,OK
2000,7,9,0.246399,,OK
2000,7,10,0.250476,,OK
2000,7,Average,0.249169,0.003520,OK
2000,8,1,0.225642,,OK
2000,8,2,0.216468,,OK
2000,8,3,0.216571,,OK
2000,8,4,0.223902,,OK
2000,8,5,0.216491,,OK
2000,8,6,0.219320,,OK
2000,8,7,0.223140,,OK
2000,8,8,0.215477,,OK
2000,8,9,0.216719,,OK
2000,8,10,0.219641,,OK
2000,8,Average,0.219337,0.003477,OK
2000,9,1,0.205563,,OK
2000,9,2,0.193164,,OK
2000,9,3,0.193259,,OK
2000,9,4,0.200611,,OK
2000,9,5,0.193220,,OK
2000,9,6,0.194698,,OK
2000,9,7,0.199614,,OK
2000,9,8,0.191845,,OK
2000,9,9,0.193114,,OK
2000,9,10,0.194986,,OK
2000,9,Average,0.196007,0.004212,OK
2000,10,1,0.182944,,OK
2000,10,2,0.173641,,OK
2000,10,3,0.174886,,OK
2000,10,4,0.181640,,OK
2000,10,5,0.173672,,OK
2000,10,6,0.175787,,OK
2000,10,7,0.180378,,OK
2000,10,8,0.177132,,OK
2000,10,9,0.174387,,OK
2000,10,10,0.176215,,OK
2000,10,Average,0.177068,0.003225,OK
2500,1,1,3.366523,,OK
2500,1,2,3.366731,,OK
2500,1,3,3.336915,,OK
2500,1,4,3.360518,,OK
2500,1,5,3.338266,,OK
2500,1,6,3.339324,,OK
2500,1,7,3.361265,,OK
2500,1,8,3.408770,,OK
2500,1,9,3.361150,,OK
2500,1,10,3.387418,,OK
2500,1,Average,3.362688,0.021405,OK
2500,2,1,1.688606,,OK
2500,2,2,1.685232,,OK
2500,2,3,1.659919,,OK
2500,2,4,1.668672,,OK
2500,2,5,1.658365,,OK
2500,2,6,1.658869,,OK
2500,2,7,1.678412,,OK
2500,2,8,1.668827,,OK
2500,2,9,1.657932,,OK
2500,2,10,1.674093,,OK
2500,2,Average,1.669893,0.010841,OK
2500,3,1,1.115763,,OK
2500,3,2,1.112029,,OK
2500,3,3,1.102227,,OK
2500,3,4,1.117562,,OK
2500,3,5,1.105128,,OK
2500,3,6,1.104424,,OK
2500,3,7,1.113761,,OK
2500,3,8,1.109308,,OK
2500,3,9,1.105301,,OK
2500,3,10,1.117588,,OK
2500,3,Average,1.110309,0.005505,OK
2500,4,1,0.842476,,OK
2500,4,2,0.842952,,OK
2500,4,3,0.834712,,OK
2500,4,4,0.840826,,OK
2500,4,5,0.831891,,OK
2500,4,6,0.835318,,OK
2500,4,7,0.845912,,OK
2500,4,8,0.844437,,OK
2500,4,9,0.839447,,OK
2500,4,10,0.844491,,OK
2500,4,Average,0.840246,0.004535,OK
2500,5,1,0.675116,,OK
2500,5,2,0.674957,,OK
2500,5,3,0.666228,,OK
2500,5,4,0.674660,,OK
2500,5,5,0.666088,,OK
2500,5,6,0.667344,,OK
2500,5,7,0.674135,,OK
2500,5,8,0.674191,,OK
2500,5,9,0.668670,,OK
2500,5,10,0.675379,,OK
2500,5,Average,0.671677,0.003825,OK
2500,6,1,0.565968,,OK
2500,6,2,0.562674,,OK
2500,6,3,0.557264,,OK
2500,6,4,0.563691,,OK
2500,6,5,0.558131,,OK
2500,6,6,0.557949,,OK
2500,6,7,0.565781,,OK
2500,6,8,0.563602,,OK
2500,6,9,0.558457,,OK
2500,6,10,0.562408,,OK
2500,6,Average,0.561593,0.003175,OK
2500,7,1,0.489023,,OK
2500,7,2,0.487893,,OK
2500,7,3,0.483841,,OK
2500,7,4,0.489812,,OK
2500,7,5,0.484396,,OK
2500,7,6,0.482119,,OK
2500,7,7,0.488763,,OK
2500,7,8,0.489641,,OK
2500,7,9,0.481649,,OK
2500,7,10,0.490127,,OK
2500,7,Average,0.486727,0.003180,OK
2500,8,1,0.429697,,OK
2500,8,2,0.430111,,OK
2500,8,3,0.425126,,OK
2500,8,4,0.429533,,OK
2500,8,5,0.426341,,OK
2500,8,6,0.423825,,OK
2500,8,7,0.429824,,OK
2500,8,8,0.429707,,OK
2500,8,9,0.422876,,OK
2500,8,10,0.430487,,OK
2500,8,Average,0.427753,0.002760,OK
2500,9,1,0.384742,,OK
2500,9,2,0.384690,,OK
2500,9,3,0.381442,,OK
2500,9,4,0.383905,,OK
2500,9,5,0.378844,,OK
2500,9,6,0.377079,,OK
2500,9,7,0.380625,,OK
2500,9,8,0.380292,,OK
2500,9,9,0.374928,,OK
2500,9,10,0.381591,,OK
2500,9,Average,0.380814,0.003062,OK
2500,10,1,0.344503,,OK
2500,10,2,0.344388,,OK
2500,10,3,0.342609,,OK
2500,10,4,0.346499,,OK
2500,10,5,0.342363,,OK
2500,10,6,0.341003,,OK
2500,10,7,0.346187,,OK
2500,10,8,0.347595,,OK
2500,10,9,0.340535,,OK
2500,10,10,0.346282,,OK
2500,10,Average,0.344196,0.002341,OK
3000,1,1,5.900067,,OK
3000,1,2,5.892142,,OK
3000,1,3,5.955340,,OK
3000,1,4,5.864600,,OK
3000,1,5,5.870164,,OK
3000,1,6,5.923200,,OK
3000,1,7,5.904304,,OK
3000,1,8,5.942106,,OK
3000,1,9,5.932607,,OK
3000,1,10,5.969181,,OK
3000,1,Average,5.915371,0.033292,OK
3000,2,1,2.941307,,OK
3000,2,2,2.949019,,OK
3000,2,3,2.930877,,OK
3000,2,4,2.945690,,OK
3000,2,5,2.931562,,OK
3000,2,6,2.933118,,OK
3000,2,7,2.915113,,OK
3000,2,8,2.932499,,OK
3000,2,9,2.937857,,OK
3000,2,10,2.922270,,OK
3000,2,Average,2.933931,0.009713,OK
3000,3,1,1.960039,,OK
3000,3,2,1.986473,,OK
3000,3,3,1.981318,,OK
3000,3,4,1.990982,,OK
3000,3,5,1.982118,,OK
3000,3,6,1.983564,,OK
3000,3,7,1.968922,,OK
3000,3,8,1.983073,,OK
3000,3,9,1.978704,,OK
3000,3,10,1.985651,,OK
3000,3,Average,1.980084,0.008635,OK
3000,4,1,1.479587,,OK
3000,4,2,1.481396,,OK
3000,4,3,1.470230,,OK
3000,4,4,1.491522,,OK
3000,4,5,1.485040,,OK
3000,4,6,1.477171,,OK
3000,4,7,1.472961,,OK
3000,4,8,1.483670,,OK
3000,4,9,1.488810,,OK
3000,4,10,1.495032,,OK
3000,4,Average,1.482542,0.007521,OK
3000,5,1,1.192697,,OK
3000,5,2,1.181107,,OK
3000,5,3,1.178061,,OK
3000,5,4,1.194672,,OK
3000,5,5,1.186082,,OK
3000,5,6,1.215984,,OK
3000,5,7,1.193415,,OK
3000,5,8,1.198737,,OK
3000,5,9,1.189443,,OK
3000,5,10,1.191735,,OK
3000,5,Average,1.192193,0.009922,OK
3000,6,1,0.993784,,OK
3000,6,2,0.996263,,OK
3000,6,3,0.987108,,OK
3000,6,4,0.986627,,OK
3000,6,5,0.987815,,OK
3000,6,6,0.997062,,OK
3000,6,7,0.989945,,OK
3000,6,8,0.996812,,OK
3000,6,9,0.997744,,OK
3000,6,10,0.997766,,OK
3000,6,Average,0.993093,0.004461,OK
3000,7,1,0.845504,,OK
3000,7,2,0.849422,,OK
3000,7,3,0.854084,,OK
3000,7,4,0.852984,,OK
3000,7,5,0.846861,,OK
3000,7,6,0.861659,,OK
3000,7,7,0.840832,,OK
3000,7,8,0.848884,,OK
3000,7,9,0.849406,,OK
3000,7,10,0.841145,,OK
3000,7,Average,0.849078,0.005895,OK
3000,8,1,0.744403,,OK
3000,8,2,0.749518,,OK
3000,8,3,0.744481,,OK
3000,8,4,0.748946,,OK
3000,8,5,0.737657,,OK
3000,8,6,0.752302,,OK
3000,8,7,0.743367,,OK
3000,8,8,0.747021,,OK
3000,8,9,0.748780,,OK
3000,8,10,0.749599,,OK
3000,8,Average,0.746607,0.004002,OK
3000,9,1,0.665196,,OK
3000,9,2,0.662958,,OK
3000,9,3,0.664034,,OK
3000,9,4,0.672241,,OK
3000,9,5,0.665101,,OK
3000,9,6,0.668174,,OK
3000,9,7,0.665157,,OK
3000,9,8,0.671116,,OK
3000,9,9,0.673052,,OK
3000,9,10,0.667307,,OK
3000,9,Average,0.667434,0.003406,OK
3000,10,1,0.610787,,OK
3000,10,2,0.605576,,OK
3000,10,3,0.602845,,OK
3000,10,4,0.610627,,OK
3000,10,5,0.608203,,OK
3000,10,6,0.600259,,OK
3000,10,7,0.604580,,OK
3000,10,8,0.607175,,OK
3000,10,9,0.605076,,OK
3000,10,10,0.601969,,OK
3000,10,Average,0.605710,0.003346,OK
