N,p,nodes,ppn,trial,seconds,verfication
4000,1,1,12,1,0.018832,yes
4000,1,1,12,2,0.019257,yes
4000,1,1,12,3,0.019353,yes
4000,1,1,12,4,0.019306,yes
4000,1,1,12,5,0.019334,yes
4000,1,1,12,6,0.019274,yes
4000,1,1,12,7,0.019248,yes
4000,1,1,12,8,0.019279,yes
4000,1,1,12,9,0.019273,yes
4000,1,1,12,10,0.019329,yes
4000,1,1,12,Average,0.019248,yes
4000,2,1,12,1,0.013131,yes
4000,2,1,12,2,0.012856,yes
4000,2,1,12,3,0.012698,yes
4000,2,1,12,4,0.012558,yes
4000,2,1,12,5,0.012593,yes
4000,2,1,12,6,0.012568,yes
4000,2,1,12,7,0.012550,yes
4000,2,1,12,8,0.012629,yes
4000,2,1,12,9,0.012674,yes
4000,2,1,12,10,0.012717,yes
4000,2,1,12,Average,0.012697,yes
4000,3,1,12,1,0.012662,yes
4000,3,1,12,2,0.012251,yes
4000,3,1,12,3,0.012169,yes
4000,3,1,12,4,0.012120,yes
4000,3,1,12,5,0.012216,yes
4000,3,1,12,6,0.012200,yes
4000,3,1,12,7,0.012148,yes
4000,3,1,12,8,0.012128,yes
4000,3,1,12,9,0.012117,yes
4000,3,1,12,10,0.012150,yes
4000,3,1,12,Average,0.012216,yes
4000,4,1,12,1,0.011579,yes
4000,4,1,12,2,0.011317,yes
4000,4,1,12,3,0.011065,yes
4000,4,1,12,4,0.011095,yes
4000,4,1,12,5,0.011139,yes
4000,4,1,12,6,0.011082,yes
4000,4,1,12,7,0.011016,yes
4000,4,1,12,8,0.011152,yes
4000,4,1,12,9,0.011097,yes
4000,4,1,12,10,0.011079,yes
4000,4,1,12,Average,0.011162,yes
4000,5,1,12,1,0.010644,yes
4000,5,1,12,2,0.010843,yes
4000,5,1,12,3,0.010153,yes
4000,5,1,12,4,0.010219,yes
4000,5,1,12,5,0.010270,yes
4000,5,1,12,6,0.010452,yes
4000,5,1,12,7,0.010223,yes
4000,5,1,12,8,0.010252,yes
4000,5,1,12,9,0.010239,yes
4000,5,1,12,10,0.010203,yes
4000,5,1,12,Average,0.010350,yes
4000,6,1,12,1,0.010702,yes
4000,6,1,12,2,0.010229,yes
4000,6,1,12,3,0.010700,yes
4000,6,1,12,4,0.010223,yes
4000,6,1,12,5,0.010198,yes
4000,6,1,12,6,0.010476,yes
4000,6,1,12,7,0.010332,yes
4000,6,1,12,8,0.010106,yes
4000,6,1,12,9,0.010055,yes
4000,6,1,12,10,0.010105,yes
4000,6,1,12,Average,0.010313,yes
4000,7,1,12,1,0.010155,yes
4000,7,1,12,2,0.009972,yes
4000,7,1,12,3,0.010648,yes
4000,7,1,12,4,0.009897,yes
4000,7,1,12,5,0.009981,yes
4000,7,1,12,6,0.009980,yes
4000,7,1,12,7,0.009999,yes
4000,7,1,12,8,0.010026,yes
4000,7,1,12,9,0.010015,yes
4000,7,1,12,10,0.010063,yes
4000,7,1,12,Average,0.010074,yes
4000,8,1,12,1,0.010126,yes
4000,8,1,12,2,0.009717,yes
4000,8,1,12,3,0.010745,yes
4000,8,1,12,4,0.009662,yes
4000,8,1,12,5,0.009749,yes
4000,8,1,12,6,0.009727,yes
4000,8,1,12,7,0.009587,yes
4000,8,1,12,8,0.009529,yes
4000,8,1,12,9,0.009636,yes
4000,8,1,12,10,0.009653,yes
4000,8,1,12,Average,0.009813,yes
4000,9,1,12,1,0.009705,yes
4000,9,1,12,2,0.009442,yes
4000,9,1,12,3,0.010555,yes
4000,9,1,12,4,0.009416,yes
4000,9,1,12,5,0.009481,yes
4000,9,1,12,6,0.009480,yes
4000,9,1,12,7,0.009417,yes
4000,9,1,12,8,0.009362,yes
4000,9,1,12,9,0.009497,yes
4000,9,1,12,10,0.009516,yes
4000,9,1,12,Average,0.009587,yes
4000,10,1,12,1,0.009762,yes
4000,10,1,12,2,0.009039,yes
4000,10,1,12,3,0.010783,yes
4000,10,1,12,4,0.009001,yes
4000,10,1,12,5,0.009230,yes
4000,10,1,12,6,0.009161,yes
4000,10,1,12,7,0.009090,yes
4000,10,1,12,8,0.009130,yes
4000,10,1,12,9,0.009169,yes
4000,10,1,12,10,0.009032,yes
4000,10,1,12,Average,0.009340,yes
6000,1,1,12,1,0.046232,yes
6000,1,1,12,2,0.045891,yes
6000,1,1,12,3,0.045990,yes
6000,1,1,12,4,0.046166,yes
6000,1,1,12,5,0.046097,yes
6000,1,1,12,6,0.045999,yes
6000,1,1,12,7,0.048810,yes
6000,1,1,12,8,0.045978,yes
6000,1,1,12,9,0.046314,yes
6000,1,1,12,10,0.046135,yes
6000,1,1,12,Average,0.046361,yes
6000,2,1,12,1,0.042242,yes
6000,2,1,12,2,0.033322,yes
6000,2,1,12,3,0.033414,yes
6000,2,1,12,4,0.033352,yes
6000,2,1,12,5,0.033482,yes
6000,2,1,12,6,0.033331,yes
6000,2,1,12,7,0.033277,yes
6000,2,1,12,8,0.035610,yes
6000,2,1,12,9,0.033949,yes
6000,2,1,12,10,0.033374,yes
6000,2,1,12,Average,0.034535,yes
6000,3,1,12,1,0.028295,yes
6000,3,1,12,2,0.027540,yes
6000,3,1,12,3,0.027009,yes
6000,3,1,12,4,0.026781,yes
6000,3,1,12,5,0.026641,yes
6000,3,1,12,6,0.026990,yes
6000,3,1,12,7,0.026849,yes
6000,3,1,12,8,0.026851,yes
6000,3,1,12,9,0.026754,yes
6000,3,1,12,10,0.029557,yes
6000,3,1,12,Average,0.027327,yes
6000,4,1,12,1,0.026771,yes
6000,4,1,12,2,0.026725,yes
6000,4,1,12,3,0.026195,yes
6000,4,1,12,4,0.026052,yes
6000,4,1,12,5,0.026139,yes
6000,4,1,12,6,0.026054,yes
6000,4,1,12,7,0.026055,yes
6000,4,1,12,8,0.025970,yes
6000,4,1,12,9,0.026010,yes
6000,4,1,12,10,0.026345,yes
6000,4,1,12,Average,0.026231,yes
6000,5,1,12,1,0.024603,yes
6000,5,1,12,2,0.024896,yes
6000,5,1,12,3,0.023321,yes
6000,5,1,12,4,0.023253,yes
6000,5,1,12,5,0.023370,yes
6000,5,1,12,6,0.023209,yes
6000,5,1,12,7,0.023233,yes
6000,5,1,12,8,0.023195,yes
6000,5,1,12,9,0.023422,yes
6000,5,1,12,10,0.023944,yes
6000,5,1,12,Average,0.023645,yes
6000,6,1,12,1,0.024296,yes
6000,6,1,12,2,0.024458,yes
6000,6,1,12,3,0.022716,yes
6000,6,1,12,4,0.022763,yes
6000,6,1,12,5,0.022750,yes
6000,6,1,12,6,0.022889,yes
6000,6,1,12,7,0.022716,yes
6000,6,1,12,8,0.022716,yes
6000,6,1,12,9,0.022847,yes
6000,6,1,12,10,0.022977,yes
6000,6,1,12,Average,0.023113,yes
6000,7,1,12,1,0.023571,yes
6000,7,1,12,2,0.024353,yes
6000,7,1,12,3,0.022342,yes
6000,7,1,12,4,0.022411,yes
6000,7,1,12,5,0.022499,yes
6000,7,1,12,6,0.022364,yes
6000,7,1,12,7,0.022559,yes
6000,7,1,12,8,0.022948,yes
6000,7,1,12,9,0.022390,yes
6000,7,1,12,10,0.024634,yes
6000,7,1,12,Average,0.023007,yes
6000,8,1,12,1,0.023933,yes
6000,8,1,12,2,0.024634,yes
6000,8,1,12,3,0.022407,yes
6000,8,1,12,4,0.022422,yes
6000,8,1,12,5,0.022611,yes
6000,8,1,12,6,0.022878,yes
6000,8,1,12,7,0.024736,yes
6000,8,1,12,8,0.022918,yes
6000,8,1,12,9,0.022382,yes
6000,8,1,12,10,0.022183,yes
6000,8,1,12,Average,0.023110,yes
6000,9,1,12,1,0.023289,yes
6000,9,1,12,2,0.024019,yes
6000,9,1,12,3,0.021229,yes
6000,9,1,12,4,0.021311,yes
6000,9,1,12,5,0.021489,yes
6000,9,1,12,6,0.021821,yes
6000,9,1,12,7,0.021504,yes
6000,9,1,12,8,0.021369,yes
6000,9,1,12,9,0.021010,yes
6000,9,1,12,10,0.024247,yes
6000,9,1,12,Average,0.022129,yes
6000,10,1,12,1,0.023184,yes
6000,10,1,12,2,0.024673,yes
6000,10,1,12,3,0.021311,yes
6000,10,1,12,4,0.021546,yes
6000,10,1,12,5,0.021555,yes
6000,10,1,12,6,0.021395,yes
6000,10,1,12,7,0.023869,yes
6000,10,1,12,8,0.021559,yes
6000,10,1,12,9,0.021045,yes
6000,10,1,12,10,0.020963,yes
6000,10,1,12,Average,0.022110,yes
8000,1,1,12,1,0.079849,yes
8000,1,1,12,2,0.084071,yes
8000,1,1,12,3,0.079863,yes
8000,1,1,12,4,0.079864,yes
8000,1,1,12,5,0.080013,yes
8000,1,1,12,6,0.080571,yes
8000,1,1,12,7,0.080495,yes
8000,1,1,12,8,0.079942,yes
8000,1,1,12,9,0.080908,yes
8000,1,1,12,10,0.080052,yes
8000,1,1,12,Average,0.080563,yes
8000,2,1,12,1,0.057655,yes
8000,2,1,12,2,0.060392,yes
8000,2,1,12,3,0.055930,yes
8000,2,1,12,4,0.055905,yes
8000,2,1,12,5,0.055894,yes
8000,2,1,12,6,0.056158,yes
8000,2,1,12,7,0.056011,yes
8000,2,1,12,8,0.056056,yes
8000,2,1,12,9,0.055927,yes
8000,2,1,12,10,0.056076,yes
8000,2,1,12,Average,0.056601,yes
8000,3,1,12,1,0.050458,yes
8000,3,1,12,2,0.051900,yes
8000,3,1,12,3,0.048445,yes
8000,3,1,12,4,0.048269,yes
8000,3,1,12,5,0.048181,yes
8000,3,1,12,6,0.048486,yes
8000,3,1,12,7,0.048308,yes
8000,3,1,12,8,0.048310,yes
8000,3,1,12,9,0.048326,yes
8000,3,1,12,10,0.048302,yes
8000,3,1,12,Average,0.048899,yes
8000,4,1,12,1,0.045028,yes
8000,4,1,12,2,0.048270,yes
8000,4,1,12,3,0.043503,yes
8000,4,1,12,4,0.043397,yes
8000,4,1,12,5,0.043487,yes
8000,4,1,12,6,0.043367,yes
8000,4,1,12,7,0.043487,yes
8000,4,1,12,8,0.043457,yes
8000,4,1,12,9,0.043218,yes
8000,4,1,12,10,0.043678,yes
8000,4,1,12,Average,0.044089,yes
8000,5,1,12,1,0.043316,yes
8000,5,1,12,2,0.043721,yes
8000,5,1,12,3,0.045322,yes
8000,5,1,12,4,0.041597,yes
8000,5,1,12,5,0.041711,yes
8000,5,1,12,6,0.041135,yes
8000,5,1,12,7,0.040700,yes
8000,5,1,12,8,0.040537,yes
8000,5,1,12,9,0.040695,yes
8000,5,1,12,10,0.040834,yes
8000,5,1,12,Average,0.041957,yes
8000,6,1,12,1,0.041232,yes
8000,6,1,12,2,0.042016,yes
8000,6,1,12,3,0.043072,yes
8000,6,1,12,4,0.039415,yes
8000,6,1,12,5,0.039229,yes
8000,6,1,12,6,0.039199,yes
8000,6,1,12,7,0.039119,yes
8000,6,1,12,8,0.039102,yes
8000,6,1,12,9,0.039200,yes
8000,6,1,12,10,0.038982,yes
8000,6,1,12,Average,0.040057,yes
8000,7,1,12,1,0.042282,yes
8000,7,1,12,2,0.046873,yes
8000,7,1,12,3,0.040556,yes
8000,7,1,12,4,0.040032,yes
8000,7,1,12,5,0.040049,yes
8000,7,1,12,6,0.039965,yes
8000,7,1,12,7,0.039820,yes
8000,7,1,12,8,0.039810,yes
8000,7,1,12,9,0.039693,yes
8000,7,1,12,10,0.039802,yes
8000,7,1,12,Average,0.040888,yes
8000,8,1,12,1,0.039562,yes
8000,8,1,12,2,0.044049,yes
8000,8,1,12,3,0.036744,yes
8000,8,1,12,4,0.036590,yes
8000,8,1,12,5,0.036888,yes
8000,8,1,12,6,0.037165,yes
8000,8,1,12,7,0.036938,yes
8000,8,1,12,8,0.036785,yes
8000,8,1,12,9,0.036708,yes
8000,8,1,12,10,0.036721,yes
8000,8,1,12,Average,0.037815,yes
8000,9,1,12,1,0.045062,yes
8000,9,1,12,2,0.043394,yes
8000,9,1,12,3,0.037889,yes
8000,9,1,12,4,0.037930,yes
8000,9,1,12,5,0.038283,yes
8000,9,1,12,6,0.037823,yes
8000,9,1,12,7,0.037822,yes
8000,9,1,12,8,0.037828,yes
8000,9,1,12,9,0.037681,yes
8000,9,1,12,10,0.037632,yes
8000,9,1,12,Average,0.039134,yes
8000,10,1,12,1,0.039100,yes
8000,10,1,12,2,0.041655,yes
8000,10,1,12,3,0.035308,yes
8000,10,1,12,4,0.035678,yes
8000,10,1,12,5,0.035689,yes
8000,10,1,12,6,0.035766,yes
8000,10,1,12,7,0.035667,yes
8000,10,1,12,8,0.035611,yes
8000,10,1,12,9,0.035589,yes
8000,10,1,12,10,0.035755,yes
8000,10,1,12,Average,0.036582,yes
10000,1,1,12,1,0.128899,yes
10000,1,1,12,2,0.127121,yes
10000,1,1,12,3,0.125676,yes
10000,1,1,12,4,0.126102,yes
10000,1,1,12,5,0.124905,yes
10000,1,1,12,6,0.126732,yes
10000,1,1,12,7,0.125132,yes
10000,1,1,12,8,0.126782,yes
10000,1,1,12,9,0.125708,yes
10000,1,1,12,10,0.125253,yes
10000,1,1,12,Average,0.126231,yes
10000,2,1,12,1,0.091173,yes
10000,2,1,12,2,0.092256,yes
10000,2,1,12,3,0.091752,yes
10000,2,1,12,4,0.090550,yes
10000,2,1,12,5,0.090876,yes
10000,2,1,12,6,0.090674,yes
10000,2,1,12,7,0.090637,yes
10000,2,1,12,8,0.092100,yes
10000,2,1,12,9,0.090722,yes
10000,2,1,12,10,0.090618,yes
10000,2,1,12,Average,0.091136,yes
10000,3,1,12,1,0.079829,yes
10000,3,1,12,2,0.078810,yes
10000,3,1,12,3,0.077293,yes
10000,3,1,12,4,0.076863,yes
10000,3,1,12,5,0.076798,yes
10000,3,1,12,6,0.077167,yes
10000,3,1,12,7,0.076780,yes
10000,3,1,12,8,0.077043,yes
10000,3,1,12,9,0.078631,yes
10000,3,1,12,10,0.076701,yes
10000,3,1,12,Average,0.077591,yes
10000,4,1,12,1,0.075043,yes
10000,4,1,12,2,0.074490,yes
10000,4,1,12,3,0.072597,yes
10000,4,1,12,4,0.072033,yes
10000,4,1,12,5,0.071975,yes
10000,4,1,12,6,0.072076,yes
10000,4,1,12,7,0.071670,yes
10000,4,1,12,8,0.072094,yes
10000,4,1,12,9,0.071667,yes
10000,4,1,12,10,0.073356,yes
10000,4,1,12,Average,0.072700,yes
10000,5,1,12,1,0.070124,yes
10000,5,1,12,2,0.066742,yes
10000,5,1,12,3,0.064631,yes
10000,5,1,12,4,0.064747,yes
10000,5,1,12,5,0.064474,yes
10000,5,1,12,6,0.064545,yes
10000,5,1,12,7,0.065048,yes
10000,5,1,12,8,0.064942,yes
10000,5,1,12,9,0.064630,yes
10000,5,1,12,10,0.064996,yes
10000,5,1,12,Average,0.065488,yes
10000,6,1,12,1,0.067188,yes
10000,6,1,12,2,0.068996,yes
10000,6,1,12,3,0.063759,yes
10000,6,1,12,4,0.063688,yes
10000,6,1,12,5,0.063768,yes
10000,6,1,12,6,0.063641,yes
10000,6,1,12,7,0.063718,yes
10000,6,1,12,8,0.063759,yes
10000,6,1,12,9,0.063719,yes
10000,6,1,12,10,0.063341,yes
10000,6,1,12,Average,0.064558,yes
10000,7,1,12,1,0.066747,yes
10000,7,1,12,2,0.070237,yes
10000,7,1,12,3,0.063518,yes
10000,7,1,12,4,0.063035,yes
10000,7,1,12,5,0.063689,yes
10000,7,1,12,6,0.063396,yes
10000,7,1,12,7,0.063319,yes
10000,7,1,12,8,0.063385,yes
10000,7,1,12,9,0.063579,yes
10000,7,1,12,10,0.063210,yes
10000,7,1,12,Average,0.064411,yes
10000,8,1,12,1,0.066452,yes
10000,8,1,12,2,0.072297,yes
10000,8,1,12,3,0.063145,yes
10000,8,1,12,4,0.062721,yes
10000,8,1,12,5,0.062837,yes
10000,8,1,12,6,0.062607,yes
10000,8,1,12,7,0.062796,yes
10000,8,1,12,8,0.062746,yes
10000,8,1,12,9,0.062864,yes
10000,8,1,12,10,0.062671,yes
10000,8,1,12,Average,0.064114,yes
10000,9,1,12,1,0.063945,yes
10000,9,1,12,2,0.067836,yes
10000,9,1,12,3,0.059907,yes
10000,9,1,12,4,0.059335,yes
10000,9,1,12,5,0.059680,yes
10000,9,1,12,6,0.059097,yes
10000,9,1,12,7,0.059699,yes
10000,9,1,12,8,0.059725,yes
10000,9,1,12,9,0.059453,yes
10000,9,1,12,10,0.059320,yes
10000,9,1,12,Average,0.060800,yes
10000,10,1,12,1,0.067110,yes
10000,10,1,12,2,0.067193,yes
10000,10,1,12,3,0.058789,yes
10000,10,1,12,4,0.058695,yes
10000,10,1,12,5,0.058541,yes
10000,10,1,12,6,0.059468,yes
10000,10,1,12,7,0.059044,yes
10000,10,1,12,8,0.058671,yes
10000,10,1,12,9,0.058495,yes
10000,10,1,12,10,0.058688,yes
10000,10,1,12,Average,0.060470,yes
12000,1,1,12,1,0.181651,yes
12000,1,1,12,2,0.183266,yes
12000,1,1,12,3,0.183292,yes
12000,1,1,12,4,0.184973,yes
12000,1,1,12,5,0.184906,yes
12000,1,1,12,6,0.178878,yes
12000,1,1,12,7,0.179615,yes
12000,1,1,12,8,0.180426,yes
12000,1,1,12,9,0.180850,yes
12000,1,1,12,10,0.178012,yes
12000,1,1,12,Average,0.181587,yes
12000,2,1,12,1,0.133156,yes
12000,2,1,12,2,0.126434,yes
12000,2,1,12,3,0.124615,yes
12000,2,1,12,4,0.125732,yes
12000,2,1,12,5,0.126034,yes
12000,2,1,12,6,0.124789,yes
12000,2,1,12,7,0.125026,yes
12000,2,1,12,8,0.125201,yes
12000,2,1,12,9,0.127096,yes
12000,2,1,12,10,0.125899,yes
12000,2,1,12,Average,0.126398,yes
12000,3,1,12,1,0.121564,yes
12000,3,1,12,2,0.107383,yes
12000,3,1,12,3,0.107224,yes
12000,3,1,12,4,0.107309,yes
12000,3,1,12,5,0.107371,yes
12000,3,1,12,6,0.108551,yes
12000,3,1,12,7,0.107218,yes
12000,3,1,12,8,0.107644,yes
12000,3,1,12,9,0.107188,yes
12000,3,1,12,10,0.107425,yes
12000,3,1,12,Average,0.108888,yes
12000,4,1,12,1,0.106816,yes
12000,4,1,12,2,0.101143,yes
12000,4,1,12,3,0.100032,yes
12000,4,1,12,4,0.100198,yes
12000,4,1,12,5,0.101026,yes
12000,4,1,12,6,0.100715,yes
12000,4,1,12,7,0.100820,yes
12000,4,1,12,8,0.100887,yes
12000,4,1,12,9,0.100817,yes
12000,4,1,12,10,0.101103,yes
12000,4,1,12,Average,0.101356,yes
12000,5,1,12,1,0.098688,yes
12000,5,1,12,2,0.095613,yes
12000,5,1,12,3,0.091695,yes
12000,5,1,12,4,0.092323,yes
12000,5,1,12,5,0.092010,yes
12000,5,1,12,6,0.092032,yes
12000,5,1,12,7,0.092008,yes
12000,5,1,12,8,0.091916,yes
12000,5,1,12,9,0.092012,yes
12000,5,1,12,10,0.092076,yes
12000,5,1,12,Average,0.093037,yes
12000,6,1,12,1,0.097360,yes
12000,6,1,12,2,0.090101,yes
12000,6,1,12,3,0.090249,yes
12000,6,1,12,4,0.090141,yes
12000,6,1,12,5,0.090362,yes
12000,6,1,12,6,0.090077,yes
12000,6,1,12,7,0.090093,yes
12000,6,1,12,8,0.090086,yes
12000,6,1,12,9,0.089710,yes
12000,6,1,12,10,0.090179,yes
12000,6,1,12,Average,0.090836,yes
12000,7,1,12,1,0.100840,yes
12000,7,1,12,2,0.101501,yes
12000,7,1,12,3,0.095278,yes
12000,7,1,12,4,0.095137,yes
12000,7,1,12,5,0.095280,yes
12000,7,1,12,6,0.095464,yes
12000,7,1,12,7,0.094532,yes
12000,7,1,12,8,0.094720,yes
12000,7,1,12,9,0.094531,yes
12000,7,1,12,10,0.096331,yes
12000,7,1,12,Average,0.096361,yes
12000,8,1,12,1,0.096365,yes
12000,8,1,12,2,0.096109,yes
12000,8,1,12,3,0.088031,yes
12000,8,1,12,4,0.088126,yes
12000,8,1,12,5,0.088447,yes
12000,8,1,12,6,0.088151,yes
12000,8,1,12,7,0.088000,yes
12000,8,1,12,8,0.087875,yes
12000,8,1,12,9,0.087530,yes
12000,8,1,12,10,0.087861,yes
12000,8,1,12,Average,0.089649,yes
12000,9,1,12,1,0.090548,yes
12000,9,1,12,2,0.094408,yes
12000,9,1,12,3,0.084852,yes
12000,9,1,12,4,0.084844,yes
12000,9,1,12,5,0.084361,yes
12000,9,1,12,6,0.084282,yes
12000,9,1,12,7,0.084348,yes
12000,9,1,12,8,0.084423,yes
12000,9,1,12,9,0.084953,yes
12000,9,1,12,10,0.084844,yes
12000,9,1,12,Average,0.086186,yes
12000,10,1,12,1,0.090618,yes
12000,10,1,12,2,0.094838,yes
12000,10,1,12,3,0.082719,yes
12000,10,1,12,4,0.082212,yes
12000,10,1,12,5,0.082091,yes
12000,10,1,12,6,0.081300,yes
12000,10,1,12,7,0.081329,yes
12000,10,1,12,8,0.081391,yes
12000,10,1,12,9,0.081463,yes
12000,10,1,12,10,0.081470,yes
12000,10,1,12,Average,0.083943,yes
